keyword,title_id
data analyst,1
analyste données,1
analyste data,1
digital analyst,1
product analyst,1
growth analyst,1
web analyst,1
analyste produit,1
analyste stratégique,1
analyste junior,1
analyste performance,1
analyste consolidation,1
analyste financier,1
analyste risque,1
analyste conformité,1
analyste investissement,1
analyste immobilier,1
analyste asset,1
analyste esg,1
analyste crédit,1
analyste impact,1
analyste cyber,1
business performance analyst,1
sales analyst,1
fp&a analyst,1
financial analyst,1
fund operations analyst,1
data security analyst,1
operations analyst,1
business system analyst,1
image quality analyst,1
data engineer,2
ingénieur data,2
ingénieur données,2
etl developer,2
pipeline engineer,2
cloud data engineer,2
data ingénieur,2
data platform engineer,2
data platform owner,2
ingénieur big data,2
analyste développeur etl,2
data & automation engineer,2
data scientist,3
scientifique données,3
applied scientist,3
research scientist,3
quantitative analyst,3
data science,3
ingénieur statistique,3
geospatial data science,3
analytics engineer,4
ingénieur analytics,4
bi engineer,4
machine learning engineer,5
ml engineer,5
mlops engineer,5
deep learning engineer,5
nlp engineer,5
computer vision engineer,5
ml operations engineer,5
ingénieur machine learning,5
ai engineer,6
ingénieur ia,6
artificial intelligence engineer,6
llm engineer,6
genai engineer,6
prompt engineer,6
ingénieur intelligence artificielle,6
ingénieur en intelligence artificielle,6
ai software engineer,6
ia causale,6
business analyst,7
analyste métier,7
analyste fonctionnel,7
functional analyst,7
consultant fonctionnel,7
consultant moa,7
analyste programmeur,7
buisness analyst,7
bi analyst,8
bi developer,8
reporting analyst,8
bi consultant,8
développeur bi,8
power bi,8
data viz developer,8
data manager,9
data owner,9
data steward,9
head of data,9
chief data officer,9
responsable data,9
data officer,9
data advisory,9
data gouvernance,9
data governance,9
data quality,9
data qa,9
data tester,9
ingénieur qualité data,9
gestionnaire de données,9
gestionnaire de donnees,9
technicien de données,9
technicien données,9
community manager data,9
directeur data,9
manager data,9
chef de projet data,9
product manager data,9
consultant data,9
data architect,10
architecte données,10
architecte data,10
solution architect data,10
enterprise data architect,10
architecte technique,10
data management,9
data product,9
data insights,1
client data,1
analyste reporting,8
agentic ai,6
manager ia,9
senior analyst,1
analyste logistique,7
analyste business,7
analyst client,1
